id,label
1,155.093952
2,154.855602
3,154.36353
4,154.381774
5,154.273255
6,154.292524
7,154.266401
8,154.274249
9,154.267506
10,154.270152
11,154.268323
12,154.269153
13,154.268641
14,154.268892
15,154.268746
16,154.268821
17,154.268779
18,154.268801
19,154.268789
20,154.268795
